JAMES,M
JOHN,M
ROBERT,M
MICHAEL,M
WILLIAM,M
DAVID,M
RICHARD,M
CHARLES,M
JOSEPH,M
THOMAS,M
CHRISTOPHER,M
DANIEL,M
PAUL,M
MARK,M
DONALD,M
GEORGE,M
KENNETH,M
STEVEN,M
EDWARD,M
BRIAN,M
RONALD,M
ANTHONY,M
KEVIN,M
JASON,M
MATTHEW,M
GARY,M
TIMOTHY,M
JOSE,M
LARRY,M
JEFFREY,M
FRANK,M
SCOTT,M
ERIC,M
STEPHEN,M
ANDREW,M
RAYMOND,M
GREGORY,M
JOSHUA,M
JERRY,M
DENNIS,M
WALTER,M
PATRICK,M
PETER,M
HAROLD,M
DOUGLAS,M
HENRY,M
CARL,M
ARTHUR,M
RYAN,M
ROGER,M
JOE,M
JUAN,M
JACK,M
ALBERT,M
JONATHAN,M
JUSTIN,M
TERRY,M
GERALD,M
KEITH,M
SAMUEL,M
WILLIE,M
RALPH,M
LAWRENCE,M
NICHOLAS,M
ROY,M
BENJAMIN,M
BRUCE,M
BRANDON,M
ADAM,M
HARRY,M
FRED,M
WAYNE,M
BILLY,M
STEVE,M
LOUIS,M
JEREMY,M
AARON,M
RANDY,M
HOWARD,M
EUGENE,M
CARLOS,M
RUSSELL,M
BOBBY,M
VICTOR,M
MARTIN,M
ERNEST,M
PHILLIP,M
TODD,M
JESSE,M
CRAIG,M
ALAN,M
SHAWN,M
CLARENCE,M
SEAN,M
PHILIP,M
CHRIS,M
JOHNNY,M
EARL,M
JIMMY,M
ANTONIO,M
DANNY,M
BRYAN,M
TONY,M
LUIS,M
MIKE,M
STANLEY,M
LEONARD,M
NATHAN,M
DALE,M
MANUEL,M
RODNEY,M
CURTIS,M
NORMAN,M
ALLEN,M
MARVIN,M
VINCENT,M
GLENN,M
JEFFERY,M
TRAVIS,M
JEFF,M
CHAD,M
JACOB,M
LEE,M
MELVIN,M
ALFRED,M
KYLE,M
FRANCIS,M
BRADLEY,M
JESUS,M
HERBERT,M
FREDERICK,M
RAY,M
JOEL,M
EDWIN,M
DON,M
EDDIE,M
RICKY,M
TROY,M
RANDALL,M
BARRY,M
ALEXANDER,M
BERNARD,M
MARIO,M
LEROY,M
FRANCISCO,M
MARCUS,M
MICHEAL,M
THEODORE,M
CLIFFORD,M
MIGUEL,M
OSCAR,M
JAY,M
JIM,M
TOM,M
CALVIN,M
ALEX,M
JON,M
RONNIE,M
BILL,M
LLOYD,M
TOMMY,M
LEON,M
DEREK,M
WARREN,M
DARRELL,M
JEROME,M
FLOYD,M
LEO,M
ALVIN,M
TIM,M
WESLEY,M
GORDON,M
DEAN,M
GREG,M
JORGE,M
DUSTIN,M
PEDRO,M
DERRICK,M
DAN,M
LEWIS,M
ZACHARY,M
COREY,M
HERMAN,M
MAURICE,M
VERNON,M
ROBERTO,M
CLYDE,M
GLEN,M
HECTOR,M
SHANE,M
RICARDO,M
SAM,M
RICK,M
LESTER,M
BRENT,M
RAMON,M
CHARLIE,M
TYLER,M
GILBERT,M
GENE,M
MARC,M
REGINALD,M
RUBEN,M
BRETT,M
ANGEL,M
NATHANIEL,M
RAFAEL,M
LESLIE,M
EDGAR,M
MILTON,M
RAUL,M
BEN,M
CHESTER,M
CECIL,M
DUANE,M
FRANKLIN,M
ANDRE,M
ELMER,M
BRAD,M
GABRIEL,M
RON,M
MITCHELL,M
ROLAND,M
ARNOLD,M
HARVEY,M
JARED,M
ADRIAN,M
KARL,M
CORY,M
CLAUDE,M
ERIK,M
DARRYL,M
JAMIE,M
NEIL,M
JESSIE,M
CHRISTIAN,M
JAVIER,M
FERNANDO,M
CLINTON,M
TED,M
MATHEW,M
TYRONE,M
DARREN,M
LONNIE,M
LANCE,M
CODY,M
JULIO,M
KELLY,M
KURT,M
ALLAN,M
NELSON,M
GUY,M
CLAYTON,M
HUGH,M
MAX,M
DWAYNE,M
DWIGHT,M
ARMANDO,M
FELIX,M
JIMMIE,M
EVERETT,M
JORDAN,M
IAN,M
WALLACE,M
KEN,M
BOB,M
JAIME,M
CASEY,M
ALFREDO,M
ALBERTO,M
DAVE,M
IVAN,M
JOHNNIE,M
SIDNEY,M
BYRON,M
JULIAN,M
ISAAC,M
MORRIS,M
CLIFTON,M
WILLARD,M
DARYL,M
ROSS,M
VIRGIL,M
ANDY,M
MARSHALL,M
SALVADOR,M
PERRY,M
KIRK,M
SERGIO,M
MARION,M
TRACY,M
SETH,M
KENT,M
TERRANCE,M
RENE,M
EDUARDO,M
TERRENCE,M
ENRIQUE,M
FREDDIE,M
WADE,M
AUSTIN,M
STUART,M
FREDRICK,M
ARTURO,M
ALEJANDRO,M
JACKIE,M
JOEY,M
NICK,M
LUTHER,M
WENDELL,M
JEREMIAH,M
EVAN,M
JULIUS,M
DANA,M
DONNIE,M
OTIS,M
SHANNON,M
TREVOR,M
OLIVER,M
LUKE,M
HOMER,M
GERARD,M
DOUG,M
KENNY,M
HUBERT,M
ANGELO,M
SHAUN,M
LYLE,M
MATT,M
LYNN,M
ALFONSO,M
ORLANDO,M
REX,M
CARLTON,M
ERNESTO,M
CAMERON,M
NEAL,M
PABLO,M
LORENZO,M
OMAR,M
WILBUR,M
BLAKE,M
GRANT,M
HORACE,M
RODERICK,M
KERRY,M
ABRAHAM,M
WILLIS,M
RICKEY,M
JEAN,M
IRA,M
ANDRES,M
CESAR,M
JOHNATHAN,M
MALCOLM,M
RUDOLPH,M
DAMON,M
KELVIN,M
RUDY,M
PRESTON,M
ALTON,M
ARCHIE,M
MARCO,M
WM,M
PETE,M
RANDOLPH,M
GARRY,M
GEOFFREY,M
JONATHON,M
FELIPE,M
BENNIE,M
GERARDO,M
ED,M
DOMINIC,M
ROBIN,M
LOREN,M
DELBERT,M
COLIN,M
GUILLERMO,M
EARNEST,M
LUCAS,M
BENNY,M
NOEL,M
SPENCER,M
RODOLFO,M
MYRON,M
EDMUND,M
GARRETT,M
SALVATORE,M
CEDRIC,M
LOWELL,M
GREGG,M
SHERMAN,M
WILSON,M
DEVIN,M
SYLVESTER,M
KIM,M
ROOSEVELT,M
ISRAEL,M
JERMAINE,M
FORREST,M
WILBERT,M
LELAND,M
SIMON,M
GUADALUPE,M
CLARK,M
IRVING,M
CARROLL,M
BRYANT,M
OWEN,M
RUFUS,M
WOODROW,M
SAMMY,M
KRISTOPHER,M
MACK,M
LEVI,M
MARCOS,M
GUSTAVO,M
JAKE,M
LIONEL,M
MARTY,M
TAYLOR,M
ELLIS,M
DALLAS,M
GILBERTO,M
CLINT,M
NICOLAS,M
LAURENCE,M
ISMAEL,M
ORVILLE,M
DREW,M
JODY,M
ERVIN,M
DEWEY,M
AL,M
WILFRED,M
JOSH,M
HUGO,M
IGNACIO,M
CALEB,M
TOMAS,M
SHELDON,M
ERICK,M
FRANKIE,M
STEWART,M
DOYLE,M
DARREL,M
ROGELIO,M
TERENCE,M
SANTIAGO,M
ALONZO,M
ELIAS,M
BERT,M
ELBERT,M
RAMIRO,M
CONRAD,M
PAT,M
NOAH,M
GRADY,M
PHIL,M
CORNELIUS,M
LAMAR,M
ROLANDO,M
CLAY,M
PERCY,M
DEXTER,M
BRADFORD,M
MERLE,M
DARIN,M
AMOS,M
TERRELL,M
MOSES,M
IRVIN,M
SAUL,M
ROMAN,M
DARNELL,M
RANDAL,M
TOMMIE,M
TIMMY,M
DARRIN,M
WINSTON,M
BRENDAN,M
TOBY,M
VAN,M
ABEL,M
DOMINICK,M
BOYD,M
COURTNEY,M
JAN,M
EMILIO,M
ELIJAH,M
CARY,M
DOMINGO,M
SANTOS,M
AUBREY,M
EMMETT,M
MARLON,M
EMANUEL,M
JERALD,M
EDMOND,M
EMIL,M
DEWAYNE,M
WILL,M
OTTO,M
TEDDY,M
REYNALDO,M
BRET,M
MORGAN,M
JESS,M
TRENT,M
HUMBERTO,M
EMMANUEL,M
STEPHAN,M
LOUIE,M
VICENTE,M
LAMONT,M
STACY,M
GARLAND,M
MILES,M
MICAH,M
EFRAIN,M
BILLIE,M
LOGAN,M
HEATH,M
RODGER,M
HARLEY,M
DEMETRIUS,M
ETHAN,M
ELDON,M
ROCKY,M
PIERRE,M
JUNIOR,M
FREDDY,M
ELI,M
BRYCE,M
ANTOINE,M
ROBBIE,M
KENDALL,M
ROYCE,M
STERLING,M
MICKEY,M
CHASE,M
GROVER,M
ELTON,M
CLEVELAND,M
DYLAN,M
CHUCK,M
DAMIAN,M
REUBEN,M
STAN,M
AUGUST,M
LEONARDO,M
JASPER,M
RUSSEL,M
ERWIN,M
BENITO,M
HANS,M
MONTE,M
BLAINE,M
ERNIE,M
CURT,M
QUENTIN,M
AGUSTIN,M
MURRAY,M
JAMAL,M
DEVON,M
ADOLFO,M
HARRISON,M
TYSON,M
BURTON,M
BRADY,M
ELLIOTT,M
WILFREDO,M
BART,M
JARROD,M
VANCE,M
DENIS,M
DAMIEN,M
JOAQUIN,M
HARLAN,M
DESMOND,M
ELLIOT,M
DARWIN,M
ASHLEY,M
GREGORIO,M
BUDDY,M
XAVIER,M
KERMIT,M
ROSCOE,M
ESTEBAN,M
ANTON,M
SOLOMON,M
SCOTTY,M
NORBERT,M
ELVIN,M
WILLIAMS,M
NOLAN,M
CAREY,M
ROD,M
QUINTON,M
HAL,M
BRAIN,M
ROB,M
ELWOOD,M
KENDRICK,M
DARIUS,M
MOISES,M
SON,M
MARLIN,M
FIDEL,M
THADDEUS,M
CLIFF,M
MARCEL,M
ALI,M
JACKSON,M
RAPHAEL,M
BRYON,M
ARMAND,M
ALVARO,M
JEFFRY,M
DANE,M
JOESPH,M
THURMAN,M
NED,M
SAMMIE,M
RUSTY,M
MICHEL,M
MONTY,M
RORY,M
FABIAN,M
REGGIE,M
MASON,M
GRAHAM,M
KRIS,M
ISAIAH,M
VAUGHN,M
GUS,M
AVERY,M
LOYD,M
DIEGO,M
ALEXIS,M
ADOLPH,M
NORRIS,M
MILLARD,M
ROCCO,M
GONZALO,M
DERICK,M
RODRIGO,M
GERRY,M
STACEY,M
CARMEN,M
WILEY,M
RIGOBERTO,M
ALPHONSO,M
TY,M
SHELBY,M
RICKIE,M
NOE,M
VERN,M
BOBBIE,M
REED,M
JEFFERSON,M
ELVIS,M
BERNARDO,M
MAURICIO,M
HIRAM,M
DONOVAN,M
BASIL,M
RILEY,M
OLLIE,M
NICKOLAS,M
MAYNARD,M
SCOT,M
VINCE,M
QUINCY,M
EDDY,M
SEBASTIAN,M
FEDERICO,M
ULYSSES,M
HERIBERTO,M
DONNELL,M
COLE,M
DENNY,M
DAVIS,M
GAVIN,M
EMERY,M
WARD,M
ROMEO,M
JAYSON,M
DION,M
DANTE,M
CLEMENT,M
COY,M
ODELL,M
MAXWELL,M
JARVIS,M
BRUNO,M
ISSAC,M
MARY,M
DUDLEY,M
BROCK,M
SANFORD,M
COLBY,M
CARMELO,M
BARNEY,M
NESTOR,M
HOLLIS,M
STEFAN,M
DONNY,M
ART,M
LINWOOD,M
BEAU,M
WELDON,M
GALEN,M
ISIDRO,M
TRUMAN,M
DELMAR,M
JOHNATHON,M
SILAS,M
FREDERIC,M
DICK,M
KIRBY,M
IRWIN,M
CRUZ,M
MERLIN,M
MERRILL,M
CHARLEY,M
MARCELINO,M
LANE,M
HARRIS,M
CLEO,M
CARLO,M
TRENTON,M
KURTIS,M
HUNTER,M
AURELIO,M
WINFRED,M
VITO,M
COLLIN,M
DENVER,M
CARTER,M
LEONEL,M
EMORY,M
PASQUALE,M
MOHAMMAD,M
MARIANO,M
DANIAL,M
BLAIR,M
LANDON,M
DIRK,M
BRANDEN,M
ADAN,M
NUMBERS,M
CLAIR,M
BUFORD,M
GERMAN,M
BERNIE,M
WILMER,M
JOAN,M
EMERSON,M
ZACHERY,M
FLETCHER,M
JACQUES,M
ERROL,M
DALTON,M
MONROE,M
JOSUE,M
DOMINIQUE,M
EDWARDO,M
BOOKER,M
WILFORD,M
SONNY,M
SHELTON,M
CARSON,M
THERON,M
RAYMUNDO,M
DAREN,M
TRISTAN,M
HOUSTON,M
ROBBY,M
LINCOLN,M
JAME,M
GENARO,M
GALE,M
BENNETT,M
OCTAVIO,M
CORNELL,M
LAVERNE,M
HUNG,M
ARRON,M
ANTONY,M
HERSCHEL,M
ALVA,M
GIOVANNI,M
GARTH,M
CYRUS,M
CYRIL,M
RONNY,M
STEVIE,M
LON,M
MARY,F
PATRICIA,F
LINDA,F
BARBARA,F
ELIZABETH,F
JENNIFER,F
MARIA,F
SUSAN,F
MARGARET,F
DOROTHY,F
LISA,F
NANCY,F
KAREN,F
BETTY,F
HELEN,F
SANDRA,F
DONNA,F
CAROL,F
RUTH,F
SHARON,F
MICHELLE,F
LAURA,F
SARAH,F
KIMBERLY,F
DEBORAH,F
JESSICA,F
SHIRLEY,F
CYNTHIA,F
ANGELA,F
MELISSA,F
BRENDA,F
AMY,F
ANNA,F
REBECCA,F
VIRGINIA,F
KATHLEEN,F
PAMELA,F
MARTHA,F
DEBRA,F
AMANDA,F
STEPHANIE,F
CAROLYN,F
CHRISTINE,F
MARIE,F
JANET,F
CATHERINE,F
FRANCES,F
ANN,F
JOYCE,F
DIANE,F
ALICE,F
JULIE,F
HEATHER,F
TERESA,F
DORIS,F
GLORIA,F
EVELYN,F
JEAN,F
CHERYL,F
MILDRED,F
KATHERINE,F
JOAN,F
ASHLEY,F
JUDITH,F
ROSE,F
JANICE,F
KELLY,F
NICOLE,F
JUDY,F
CHRISTINA,F
KATHY,F
THERESA,F
BEVERLY,F
DENISE,F
TAMMY,F
IRENE,F
JANE,F
LORI,F
RACHEL,F
MARILYN,F
ANDREA,F
KATHRYN,F
LOUISE,F
SARA,F
ANNE,F
JACQUELINE,F
WANDA,F
BONNIE,F
JULIA,F
RUBY,F
LOIS,F
TINA,F
PHYLLIS,F
NORMA,F
PAULA,F
DIANA,F
ANNIE,F
LILLIAN,F
EMILY,F
ROBIN,F
PEGGY,F
CRYSTAL,F
GLADYS,F
RITA,F
DAWN,F
CONNIE,F
FLORENCE,F
TRACY,F
EDNA,F
TIFFANY,F
CARMEN,F
ROSA,F
CINDY,F
GRACE,F
WENDY,F
VICTORIA,F
EDITH,F
KIM,F
SHERRY,F
SYLVIA,F
JOSEPHINE,F
THELMA,F
SHANNON,F
SHEILA,F
ETHEL,F
ELLEN,F
ELAINE,F
MARJORIE,F
CARRIE,F
CHARLOTTE,F
MONICA,F
ESTHER,F
PAULINE,F
EMMA,F
JUANITA,F
ANITA,F
RHONDA,F
HAZEL,F
AMBER,F
EVA,F
DEBBIE,F
APRIL,F
LESLIE,F
CLARA,F
LUCILLE,F
JAMIE,F
JOANNE,F
ELEANOR,F
VALERIE,F
DANIELLE,F
MEGAN,F
ALICIA,F
SUZANNE,F
MICHELE,F
GAIL,F
BERTHA,F
DARLENE,F
VERONICA,F
JILL,F
ERIN,F
GERALDINE,F
LAUREN,F
CATHY,F
JOANN,F
LORRAINE,F
LYNN,F
SALLY,F
REGINA,F
ERICA,F
BEATRICE,F
DOLORES,F
BERNICE,F
AUDREY,F
YVONNE,F
ANNETTE,F
JUNE,F
SAMANTHA,F
MARION,F
DANA,F
STACY,F
ANA,F
RENEE,F
IDA,F
VIVIAN,F
ROBERTA,F
HOLLY,F
BRITTANY,F
MELANIE,F
LORETTA,F
YOLANDA,F
JEANETTE,F
LAURIE,F
KATIE,F
KRISTEN,F
VANESSA,F
ALMA,F
SUE,F
ELSIE,F
BETH,F
JEANNE,F
VICKI,F
CARLA,F
TARA,F
ROSEMARY,F
EILEEN,F
TERRI,F
GERTRUDE,F
LUCY,F
TONYA,F
ELLA,F
STACEY,F
WILMA,F
GINA,F
KRISTIN,F
JESSIE,F
NATALIE,F
AGNES,F
VERA,F
WILLIE,F
CHARLENE,F
BESSIE,F
DELORES,F
MELINDA,F
PEARL,F
ARLENE,F
MAUREEN,F
COLLEEN,F
ALLISON,F
TAMARA,F
JOY,F
GEORGIA,F
CONSTANCE,F
LILLIE,F
CLAUDIA,F
JACKIE,F
MARCIA,F
TANYA,F
NELLIE,F
MINNIE,F
MARLENE,F
HEIDI,F
GLENDA,F
LYDIA,F
VIOLA,F
COURTNEY,F
MARIAN,F
STELLA,F
CAROLINE,F
DORA,F
JO,F
VICKIE,F
MATTIE,F
TERRY,F
MAXINE,F
IRMA,F
MABEL,F
MARSHA,F
MYRTLE,F
LENA,F
CHRISTY,F
DEANNA,F
PATSY,F
HILDA,F
GWENDOLYN,F
JENNIE,F
NORA,F
MARGIE,F
NINA,F
CASSANDRA,F
LEAH,F
PENNY,F
KAY,F
PRISCILLA,F
NAOMI,F
CAROLE,F
BRANDY,F
OLGA,F
BILLIE,F
DIANNE,F
TRACEY,F
LEONA,F
JENNY,F
FELICIA,F
SONIA,F
MIRIAM,F
VELMA,F
BECKY,F
BOBBIE,F
VIOLET,F
KRISTINA,F
TONI,F
MISTY,F
MAE,F
SHELLY,F
DAISY,F
RAMONA,F
SHERRI,F
ERIKA,F
KATRINA,F
CLAIRE,F
LINDSEY,F
LINDSAY,F
GENEVA,F
GUADALUPE,F
BELINDA,F
MARGARITA,F
SHERYL,F
CORA,F
FAYE,F
ADA,F
NATASHA,F
SABRINA,F
ISABEL,F
MARGUERITE,F
HATTIE,F
HARRIET,F
MOLLY,F
CECILIA,F
KRISTI,F
BRANDI,F
BLANCHE,F
SANDY,F
ROSIE,F
JOANNA,F
IRIS,F
EUNICE,F
ANGIE,F
INEZ,F
LYNDA,F
MADELINE,F
AMELIA,F
ALBERTA,F
GENEVIEVE,F
MONIQUE,F
JODI,F
JANIE,F
MAGGIE,F
KAYLA,F
SONYA,F
JAN,F
LEE,F
KRISTINE,F
CANDACE,F
FANNIE,F
MARYANN,F
OPAL,F
ALISON,F
YVETTE,F
MELODY,F
LUZ,F
SUSIE,F
OLIVIA,F
FLORA,F
SHELLEY,F
KRISTY,F
MAMIE,F
LULA,F
LOLA,F
VERNA,F
BEULAH,F
ANTOINETTE,F
CANDICE,F
JUANA,F
JEANNETTE,F
PAM,F
KELLI,F
HANNAH,F
WHITNEY,F
BRIDGET,F
KARLA,F
CELIA,F
LATOYA,F
PATTY,F
SHELIA,F
GAYLE,F
DELLA,F
VICKY,F
LYNNE,F
SHERI,F
MARIANNE,F
KARA,F
JACQUELYN,F
ERMA,F
BLANCA,F
MYRA,F
LETICIA,F
PAT,F
KRISTA,F
ROXANNE,F
ANGELICA,F
JOHNNIE,F
ROBYN,F
FRANCIS,F
ADRIENNE,F
ROSALIE,F
ALEXANDRA,F
BROOKE,F
BETHANY,F
SADIE,F
BERNADETTE,F
TRACI,F
JODY,F
KENDRA,F
JASMINE,F
NICHOLE,F
RACHAEL,F
CHELSEA,F
MABLE,F
ERNESTINE,F
MURIEL,F
MARCELLA,F
ELENA,F
KRYSTAL,F
ANGELINA,F
NADINE,F
KARI,F
ESTELLE,F
DIANNA,F
PAULETTE,F
LORA,F
MONA,F
DOREEN,F
ROSEMARIE,F
ANGEL,F
DESIREE,F
ANTONIA,F
HOPE,F
GINGER,F
JANIS,F
BETSY,F
CHRISTIE,F
FREDA,F
MERCEDES,F
MEREDITH,F
LYNETTE,F
TERI,F
CRISTINA,F
EULA,F
LEIGH,F
MEGHAN,F
SOPHIA,F
ELOISE,F
ROCHELLE,F
GRETCHEN,F
CECELIA,F
RAQUEL,F
HENRIETTA,F
ALYSSA,F
JANA,F
KELLEY,F
GWEN,F
KERRY,F
JENNA,F
TRICIA,F
LAVERNE,F
OLIVE,F
ALEXIS,F
TASHA,F
SILVIA,F
ELVIRA,F
CASEY,F
DELIA,F
SOPHIE,F
KATE,F
PATTI,F
LORENA,F
KELLIE,F
SONJA,F
LILA,F
LANA,F
DARLA,F
MAY,F
MINDY,F
ESSIE,F
MANDY,F
LORENE,F
ELSA,F
JOSEFINA,F
JEANNIE,F
MIRANDA,F
DIXIE,F
LUCIA,F
MARTA,F
FAITH,F
LELA,F
JOHANNA,F
SHARI,F
CAMILLE,F
TAMI,F
SHAWNA,F
ELISA,F
EBONY,F
MELBA,F
ORA,F
NETTIE,F
TABITHA,F
OLLIE,F
JAIME,F
WINIFRED,F
KRISTIE,F
MARINA,F
ALISHA,F
AIMEE,F
RENA,F
MYRNA,F
MARLA,F
TAMMIE,F
LATASHA,F
BONITA,F
PATRICE,F
RONDA,F
SHERRIE,F
ADDIE,F
FRANCINE,F
DELORIS,F
STACIE,F
ADRIANA,F
CHERI,F
SHELBY,F
ABIGAIL,F
CELESTE,F
JEWEL,F
CARA,F
ADELE,F
REBEKAH,F
LUCINDA,F
DORTHY,F
CHRIS,F
EFFIE,F
TRINA,F
REBA,F
SHAWN,F
SALLIE,F
AURORA,F
LENORA,F
ETTA,F
LOTTIE,F
KERRI,F
TRISHA,F
NIKKI,F
ESTELLA,F
FRANCISCA,F
JOSIE,F
TRACIE,F
MARISSA,F
KARIN,F
BRITTNEY,F
JANELLE,F
LOURDES,F
LAUREL,F
HELENE,F
FERN,F
ELVA,F
CORINNE,F
KELSEY,F
INA,F
BETTIE,F
ELISABETH,F
AIDA,F
CAITLIN,F
INGRID,F
IVA,F
EUGENIA,F
CHRISTA,F
GOLDIE,F
CASSIE,F
MAUDE,F
JENIFER,F
THERESE,F
FRANKIE,F
DENA,F
LORNA,F
JANETTE,F
LATONYA,F
CANDY,F
MORGAN,F
CONSUELO,F
TAMIKA,F
ROSETTA,F
DEBORA,F
CHERIE,F
POLLY,F
DINA,F
JEWELL,F
FAY,F
JILLIAN,F
DOROTHEA,F
NELL,F
TRUDY,F
ESPERANZA,F
PATRICA,F
KIMBERLEY,F
SHANNA,F
HELENA,F
CAROLINA,F
CLEO,F
STEFANIE,F
ROSARIO,F
OLA,F
JANINE,F
MOLLIE,F
LUPE,F
ALISA,F
LOU,F
MARIBEL,F
SUSANNE,F
BETTE,F
SUSANA,F
ELISE,F
CECILE,F
ISABELLE,F
LESLEY,F
JOCELYN,F
PAIGE,F
JONI,F
RACHELLE,F
LEOLA,F
DAPHNE,F
ALTA,F
ESTER,F
PETRA,F
GRACIELA,F
IMOGENE,F
JOLENE,F
KEISHA,F
LACEY,F
GLENNA,F
GABRIELA,F
KERI,F
URSULA,F
LIZZIE,F
KIRSTEN,F
SHANA,F
ADELINE,F
MAYRA,F
JAYNE,F
JACLYN,F
GRACIE,F
SONDRA,F
CARMELA,F
MARISA,F
ROSALIND,F
CHARITY,F
TONIA,F
BEATRIZ,F
MARISOL,F
CLARICE,F
JEANINE,F
SHEENA,F
ANGELINE,F
FRIEDA,F
LILY,F
ROBBIE,F
SHAUNA,F
MILLIE,F
CLAUDETTE,F
CATHLEEN,F
ANGELIA,F
GABRIELLE,F
AUTUMN,F
KATHARINE,F
SUMMER,F
JODIE,F
STACI,F
LEA,F
CHRISTI,F
JIMMIE,F
JUSTINE,F
ELMA,F
LUELLA,F
MARGRET,F
DOMINIQUE,F
SOCORRO,F
RENE,F
MARTINA,F
MARGO,F
MAVIS,F
CALLIE,F
BOBBI,F
MARITZA,F
LUCILE,F
LEANNE,F
JEANNINE,F
DEANA,F
AILEEN,F
LORIE,F
LADONNA,F
WILLA,F
MANUELA,F
GALE,F
SELMA,F
DOLLY,F
SYBIL,F
ABBY,F
LARA,F
DALE,F
IVY,F
DEE,F
WINNIE,F
MARCY,F
LUISA,F
JERI,F
MAGDALENA,F
OFELIA,F
MEAGAN,F
AUDRA,F
MATILDA,F
LEILA,F
CORNELIA,F
BIANCA,F
SIMONE,F
BETTYE,F
RANDI,F
VIRGIE,F
LATISHA,F
BARBRA,F
GEORGINA,F
ELIZA,F
LEANN,F
BRIDGETTE,F
RHODA,F
HALEY,F
ADELA,F
NOLA,F
BERNADINE,F
FLOSSIE,F
ILA,F
GRETA,F
RUTHIE,F
NELDA,F
MINERVA,F
LILLY,F
TERRIE,F
LETHA,F
HILARY,F
ESTELA,F
VALARIE,F
BRIANNA,F
ROSALYN,F
EARLINE,F
CATALINA,F
AVA,F
MIA,F
CLARISSA,F
LIDIA,F
CORRINE,F
ALEXANDRIA,F
CONCEPCION,F
TIA,F
SHARRON,F
RAE,F
DONA,F
ERICKA,F
JAMI,F
ELNORA,F
CHANDRA,F
LENORE,F
NEVA,F
MARYLOU,F
MELISA,F
TABATHA,F
SERENA,F
AVIS,F
ALLIE,F
SOFIA,F
JEANIE,F
ODESSA,F
NANNIE,F
HARRIETT,F
LORAINE,F
PENELOPE,F
MILAGROS,F
EMILIA,F
BENITA,F
ALLYSON,F
ASHLEE,F
TANIA,F
TOMMIE,F
ESMERALDA,F
KARINA,F
EVE,F
PEARLIE,F
ZELMA,F
MALINDA,F
NOREEN,F
TAMEKA,F
SAUNDRA,F
HILLARY,F
AMIE,F
ALTHEA,F
ROSALINDA,F
JORDAN,F
LILIA,F
ALANA,F
GAY,F
CLARE,F
ALEJANDRA,F
ELINOR,F
MICHAEL,F
LORRIE,F